<?xml version='1.0' encoding='utf-8'?>
<!DOCTYPE hibernate-mapping PUBLIC
    "-//Hibernate/Hibernate Mapping DTD 3.0//EN"
    "http://www.hibernate.org/dtd/hibernate-mapping-3.0.dtd">
<hibernate-mapping>

    <class name="com.bean.DdupMajorEntity" table="ddup_major" schema="ddupmis">
        <id name="ddupId" column="ddup_id"/>
        <property name="ddupName" column="ddup_name"/>
        <set name="ddupClassesByDdupId" inverse="true">
            <key>
                <column name="ddup_major"/>
            </key>
            <one-to-many not-found="ignore" class="com.bean.DdupClassEntity"/>
        </set>
    </class>
</hibernate-mapping>