<?xml version='1.0' encoding='utf-8'?>
<!DOCTYPE hibernate-mapping PUBLIC
    "-//Hibernate/Hibernate Mapping DTD 3.0//EN"
    "http://www.hibernate.org/dtd/hibernate-mapping-3.0.dtd">
<hibernate-mapping>

    <class name="com.bean.DdupClassEntity" table="ddup_class" schema="ddupmis">
        <id name="ddupCno" column="ddup_Cno"/>
        <property name="ddupName" column="ddup_name"/>
        <property name="ddupMajor" column="ddup_major"/>
        <many-to-one name="ddupMajorByDdupMajor" class="com.bean.DdupMajorEntity" insert="false" update="false">
            <column name="ddup_major" />
        </many-to-one>
        <set name="ddupStudentsByDdupCno" inverse="true">
            <key>
                <column name="ddup_class"/>
            </key>
            <one-to-many not-found="ignore" class="com.bean.DdupStudentEntity"/>
        </set>
        <set name="ddupTeachesByDdupCno" inverse="true">
            <key>
                <column name="ddup_Classno"/>
            </key>
            <one-to-many not-found="ignore" class="com.bean.DdupTeachEntity"/>
        </set>
    </class>
</hibernate-mapping>