<?xml version='1.0' encoding='utf-8'?>
<!DOCTYPE hibernate-mapping PUBLIC
    "-//Hibernate/Hibernate Mapping DTD 3.0//EN"
    "http://www.hibernate.org/dtd/hibernate-mapping-3.0.dtd">
<hibernate-mapping>

    <class name="com.bean.DdupCourseEntity" table="ddup_course" schema="ddupmis">
        <id name="ddupCno" column="ddup_Cno"/>
        <property name="ddupName" column="ddup_name"/>
        <property name="ddupPeriod" column="ddup_period"/>
        <property name="ddupLearnTime" column="ddup_learn_time"/>
        <property name="ddupTestMethod" column="ddup_test_method"/>
        <property name="ddupCredit" column="ddup_credit"/>
        <set name="ddupHomeworksByDdupCno" inverse="true">
            <key>
                <column name="ddup_Cno"/>
            </key>
            <one-to-many not-found="ignore" class="com.bean.DdupHomeworkEntity"/>
        </set>
        <set name="ddupTeachesByDdupCno" inverse="true">
            <key>
                <column name="ddup_Cno"/>
            </key>
            <one-to-many not-found="ignore" class="com.bean.DdupTeachEntity"/>
        </set>
    </class>
</hibernate-mapping>