<?xml version='1.0' encoding='utf-8'?>
<!DOCTYPE hibernate-mapping PUBLIC
    "-//Hibernate/Hibernate Mapping DTD 3.0//EN"
    "http://www.hibernate.org/dtd/hibernate-mapping-3.0.dtd">
<hibernate-mapping>

    <class name="com.bean.StudentinformationEntity" table="studentinformation" schema="ddupmis">
        <id name="ddupSno" column="ddup_Sno"/>
        <property name="ddupName" column="ddup_name"/>
        <property name="ddupMajor" column="ddup_major"/>
        <property name="ddupClass" column="ddup_class"/>
        <property name="ddupSex" column="ddup_sex"/>
        <property name="ddupAge" column="ddup_age"/>
        <property name="ddupOriginPlace" column="ddup_originPlace"/>
    </class>
</hibernate-mapping>